ЦПСООЮ ДЕЙЮМЮРЮ;ОЯЕБДНМХЛ
0.н.5.о.рЕЯР_нОЕПЮРНПЮ.1.л;бШОСЯЙ_2013
2004.г.5.о.хгХсн.1.л;нРВХЯКЕММШЕ 2012 бн
2004.г.5.о.тоао.60.а;460
2006.г.5.о.хгХсн.2.л;ндн-2__2010
2006.г.5.о.хгХсн.41.л;ндн-541-2013
2006.г.5.яно.хгХсн.41.л;541 ндн
2008.г.5.о.хгХсн.7.а;507-а
2008.н.5.бб.тло.1.я;101
2009.н.5.бНЯЯР.о.тоао.60.а;460 ОНБРНПМХЙ
2010.б.5.о.бт.1.я;61
2010.б.5.о.бт.3.я;63
2010.г.5.бНЯЯР.хцХло.1.я;641
2010.г.5.бНЯЯР.яно.хгХсн.1.л;оНБРНПМХЙХ яон яоежхюкхярш 2015
2010.г.5.о.хцХло.40.я;640_2016
2010.г.5.о.хцХло.41.я;641_2016
2010.г.5.о.хгХсн.1.я;601
2010.г.5.о.хгХсн.2.я;602
2010.г.5.о.хгХсн.3.я;603
2010.г.5.о.хгХсн.4.я;604
2010.г.5.о.хгХсн.6.я;ОНБРНПМХЙХ ян - 2016
2010.г.5.о.сТЮ.1.л;янг_2010
2010.г.5.яно.хгХсн.1.я;оНБРНПМХЙХ яон ЯОЕЖХЮКХЯРШ - 2016
2010.г.5.яно.хгХсн.415.я;515-C
2010.н.2.о.хч.15.л;515
2010.н.29.бНЯЯР.о.хцХло.1.л;оНБРНПМХЙХ (ЯОЕЖХЮКХЯРШ) Л-О
2010.н.5.бНЯЯР.о.хцХло.1.л;оНБРНПМХЙХ (ЯОЕЖХЮКХЯРШ) Ц-О_2015
2010.н.5.о.хо.1.л;500_хо15
2010.н.5.о.хч.18.л;518
2010.н.5.о.хч.21.л;521
2011.г.5.бб.хгХсн.1.а;мНПЯНЪМ
2011.г.5.бб.сТЮ.1.а;бнг_2013
2011.г.5.бб.тло.8.я;208
2011.г.5.бНЯЯР.бб.хгХсн.1.а;оНБРНПМХЙХ-бн-2015
2011.г.5.бНЯЯР.бб.хгХсн.26.а;426_ОНБРНПМХЙХ
2011.г.5.бНЯЯР.хгХсн.5.а;505
2011.г.5.бНЯЯР.яно.хгХсн.1.а;оНБРНПМХЙХ яон аюйюкюбпш 2015
2011.г.5.о.хцХло.40.а;540_2016
2011.г.5.о.хгХсн.1.а;501_2016
2011.г.5.о.хгХсн.2.а;502_2016
2011.г.5.о.хгХсн.3.а;503_2016
2011.г.5.о.хгХсн.4.а;504_2016
2011.г.5.о.хгХсн.5.а;йЮГЮУХ
2011.г.5.о.сТЮ.1.а;янг_2009
2011.г.5.яно.хгХсн.1.а;яог_2011
2011.г.5.яно.хгХсн.14.а;оНБРНПМХЙХ_КЕРН
2011.г.5.яно.хгХсн.2.а;яог_2013
2011.н.5.бб.тло.708.я;708
2011.н.5.о.хгХсн.40.а;ндн-140
2011.н.5.о.хо.1.а;400_хо15
2011.н.5.яно.сТЮ.1.а;яог_2012_
2012.б.5.бб.бт.4.а;44
2012.б.5.бНЯЯР.яно.хгХсн.8.а;48 (ОНБРНПМХЙХ)
2012.б.5.о.бт.1.а;51
2012.б.5.о.бт.2.а;52
2012.б.5.о.бт.3.а;53
2012.б.5.о.бт.4.а;бШОСЯЙ_бт_2017_2018_ЯН
2012.б.5.яно.хгХсн.8.а;48
2012.б.5.яно.хгХсн.9.а;39
2012.г.5.бб.хгХсн.21.а;421_2016
2012.г.5.бб.хгХсн.22.а;422_2016
2012.г.5.бб.хгХсн.23.а;423
2012.г.5.бб.хгХсн.24.а;424
2012.г.5.бб.хгХсн.25.а;425
2012.г.5.бб.сТЮ.1.а;бнг_2012
2012.г.5.бНЯЯР.бб.хгХсн.2016.а;ОНБРНПМХЙХ 2016
2012.г.5.бНЯЯР.хгХсн.1.а;413-о
2012.г.5.о.хцХло.40.а;540_2017
2012.г.5.о.хгХсн.1.а;501_2017
2012.г.5.о.хгХсн.2.а;502_2017
2012.г.5.о.хгХсн.3.а;503_2017
2012.г.5.о.хгХсн.4.а;504_2017
2012.г.5.о.хгХсн.5.а;нРВХЯКЕММШЕ 2013
2012.г.5.о.хгХсн.6.а;бНЯЯРЮМНБКЕММШЕ_3086
2012.г.5.о.сТЮ.1.а;янг_2012
2012.г.5.яно.хгХсн.1.а;414_бНЯЯРЮМНБКЕММШЕ
2012.г.5.яно.хгХсн.11.а;411
2012.г.5.яно.хгХсн.12.а;412
2012.г.5.яно.хгХсн.13.а;413
2012.г.5.яно.хгХсн.14.а;414
2012.г.5.яно.хгХсн.15.а;415
2012.н.0.о.юХд.3.ю;803
2012.н.0.о.юХд.4.ю_16;804
2012.н.5.бНЯЯР.хцХло.1.а;434.2012
2012.н.5.бНЯЯР.хоХо.1.а;423а
2012.н.5.о.хцХло.30.а;430_2016
2012.н.5.о.хцХло.31.а;431_2016
2012.н.5.о.хцХло.32.а;432_2016
2012.н.5.о.хцХло.33.а;433_2016
2012.н.5.о.хцХло.34.а;434_2016
2012.н.5.о.хо.1.а;401
2012.н.5.о.хо.10.а;410
2012.н.5.о.хо.11.а;400ю
2012.н.5.о.хо.12.а;400а
2012.н.5.о.хо.13.а;400б
2012.н.5.о.хо.14.а;400ц
2012.н.5.о.хо.15.а;400д
2012.н.5.о.хо.16.а;400е
2012.н.5.о.хо.2.а;402
2012.н.5.о.хо.3.а;403
2012.н.5.о.хо.4.а;404
2012.н.5.о.хо.5.а;405
2012.н.5.о.хо.6.а;406
2012.н.5.о.хо.7.а;407
2012.н.5.о.хо.8.а;408
2012.н.5.о.хо.9.а;409
2012.н.5.о.хоХо.23.а;423_2016
2012.н.5.о.хоХо.24.а;424_2016
2012.н.5.о.хоХо.26.а;426_2016
2012.н.5.о.хч.11.а;хч411а_2016
2012.н.5.о.хч.11.я;хч511я_2017
2012.н.5.о.хч.12.а;хч412а_2016
2012.н.5.о.хч.12.я;хч512я_2017
2012.н.5.о.хч.13.а;хч413а_2016
2012.н.5.о.хч.13.я;хч513я_2017
2012.н.5.о.хч.14.а;хч414а_2016
2012.н.5.о.хч.14.я;хч514я_2017
2012.н.5.о.хч.15.а;хч415а_2016
2012.н.5.о.хч.16.а;хч416а_2016
2012.н.5.о.хч.17.а;хч417а_2016
2012.н.5.о.хч.18.а;хч418а_2016
2012.н.5.о.хч.19.а;хч419а_2016
2012.н.5.о.хч.20.а;хч420а_2016
2012.н.5.о.хч.411.а;хч411я(А)
2012.н.5.о.хч.412.а;хч412я(А)
2012.н.5.о.хч.413.а;хч413я(А)
2012.н.5.о.хч.414.а;хч414я(А)
2012.н.5.о.сТЮ.1.а;3.2 ян_2012
2012.н.5.яно.хгХсн.65.а;465-2015
2013.б.5.бб.бт.4.а;44
2013.б.5.бб.бт.5.а;45
2013.б.5.бб.тдн.1.дон;оЕПЕБНДВХЙХ_2015
2013.б.5.о.бт.1.а;51
2013.б.5.о.бт.2.а;52
2013.б.5.о.бт.3.а;53
2013.б.5.о.тдн.1.дон;аСУЦЮКРЕПШ_2015
2013.б.5.о.тдн.2.дон;оЯХУНКНЦХ_2015
2013.б.5.о.тдн.3.дон;чПХЯРШ_2015
2013.б.5.яно.хгХсн.8.а;48
2013.г.5.бб.хцХло.45.а;445_2016
2013.г.5.бб.хгХсн.24.а;424
2013.г.5.о.хцХло.40.а;540
2013.г.5.о.хгХсн.1.а;501
2013.г.5.о.хгХсн.2.а;502
2013.г.5.о.хгХсн.3.а;503
2013.г.5.о.хгХсн.4.а;504
2013.г.5.о.сТЮ.1.а;3.1 ян_2012
2013.г.5.о.сТЮ.2.а;яог_2011
2013.г.5.о.тяон.2.яон;42-г
2013.г.5.яно.хгХсн.11.а;411_2017
2013.г.5.яно.хгХсн.12.а;412_2017
2013.г.5.яно.хгХсн.13.а;413_2017
2013.н.34.о.хоХо.6.я;726_2016
2013.н.5.о.хцХло.1.а;434.2013
2013.н.5.о.хцХло.30.а;430.2017
2013.н.5.о.хцХло.31.а;431.2017
2013.н.5.о.хцХло.32.а;432.2017
2013.н.5.о.хцХло.33.а;433.2017
2013.н.5.о.хцХло.34.а;434.2017
2013.н.5.о.хо.1.а;401 хо
2013.н.5.о.хо.10.а;410 хо
2013.н.5.о.хо.11.а;411 хо
2013.н.5.о.хо.12.а;412 хо
2013.н.5.о.хо.13.а;413 хо
2013.н.5.о.хо.14.а;414 хо
2013.н.5.о.хо.15.а;415 хо
2013.н.5.о.хо.16.а;416 хо
2013.н.5.о.хо.2.а;402 хо
2013.н.5.о.хо.3.а;403 хо
2013.н.5.о.хо.4.а;404 хо
2013.н.5.о.хо.5.а;405 хо
2013.н.5.о.хо.6.а;406 хо
2013.н.5.о.хо.7.а;407 хо
2013.н.5.о.хо.8.а;408 хо
2013.н.5.о.хо.9.а;409 хо
2013.н.5.о.хоХо.23.а;423_2017
2013.н.5.о.хоХо.24.а;424_2017
2013.н.5.о.хоХо.25.а;425_2017
2013.н.5.о.хч.1.а;хч511я(А)
2013.н.5.о.хч.11.а;хч411а_2017
2013.н.5.о.хч.11.я;хч511я
2013.н.5.о.хч.12.а;хч412а_2017
2013.н.5.о.хч.12.я;хч512я
2013.н.5.о.хч.13.а;хч413а_2017
2013.н.5.о.хч.13.я;хч513я
2013.н.5.о.хч.14.а;хч414а_2017
2013.н.5.о.хч.14.я;хч514я
2013.н.5.о.хч.15.а;хч415а_2017
2013.н.5.о.хч.16.а;хч416а_2017
2013.н.5.о.хч.17.а;хч417_2017
2013.н.5.о.хч.18.а;хч418а_2017
2013.н.5.о.хч.19.а;хч419а_2017
2013.н.5.о.хч.20.а;хч420а_2017
2013.н.5.о.хч.21.а;хч421а_2017
2013.н.5.о.хч.22.а;хч422а
2013.н.5.о.хч.312.а;хч512я(А)_2017
2013.н.5.о.хч.313.а;хч513я(А)_2017
2013.н.5.о.хч.314.а;хч514я(А)_2017
2013.н.5.о.сТЮ.1.а;2.1 ян_2013
2013.н.5.о.тяон.2.яон;32_2016
2013.н.5.о.тяон.3.яон;32ю_2016
2013.н.5.яно.хгХсн.65.а;465_2017
2014.б.5.бб.бт.4.а;44
2014.б.5.о.бт.1.а;хяно51а_БТ_ЯН
2014.б.5.о.бт.2.а;хяно52а_БТ_ЯН
2014.б.5.о.бт.3.а;хяно53а_БТ_ЯН
2014.б.5.о.хгХсн.9.а;29
2014.б.5.о.тдн.1.дон;чПХЯРШ 2014-2016
2014.б.5.о.тдн.2.дон;аСУСВ╦Р 2014-2016
2014.б.5.о.тдн.3.дон;оЯХУНКНЦХ 2014-2016
2014.б.5.о.тдн.4.дон;оЕПЕБНДВХЙХ 2014-2016
2014.б.5.яно.хгХсн.8.а;48
2014.г.32.о.хо.1.л;701-гн
2014.г.33.о.хоХо.23.л;723-гн_2016
2014.г.34.о.хоХо.26.л;726-гн_2016
2014.г.36.о.хоХо.24.л;724-гн_2016
2014.г.41.о.хч.14.л;хч714л-ГН_2016
2014.г.43.о.хч.12.л;хч712л-ГН_2016
2014.г.49.о.хцХло.31.л;731ГН_2016
2014.г.5.бб.хцХло.45.а;445
2014.г.5.бб.хцХло.47.а;447
2014.г.5.бб.хгХсн.21.а;421
2014.г.5.бб.хгХсн.22.а;422
2014.г.5.о.хцХло.40.а;хцХло540а_ГТ_ЯН
2014.г.5.о.хцХло.41.а;хцХло541а_ГТ_ЯН
2014.г.5.о.хцХло.42.а;хцХло542а_ГТ_ЯН
2014.г.5.о.хгХсн.1.а;хяно501а_ГТ_ЯН
2014.г.5.о.хгХсн.2.а;хяно502а_ГТ_ЯН
2014.г.5.о.хгХсн.3.а;хяно503а_ГТ_ЯН
2014.г.5.о.хяно.4.а;хяно504а_ГТ_ЯН
2014.г.5.о.хяно.5.а;хяно505а_ГТ_ЯН
2014.г.5.о.тяон.2.яон;42-г
2014.г.5.яно.хгХсн.11.а;411
2014.г.5.яно.хгХсн.12.а;412
2014.г.5.яно.хгХсн.13.а;413
2014.г.5.яно.хгХсн.14.а;414
2014.г.5.яно.хгХсн.15.а;415
2014.г.53.о.хцХло.30.л;730ГН_2016
2014.г.54.о.хоХо.25.л;725-гн_2016
2014.г.55.о.хцХло.32.л;732ГН_2016
2014.г.56.о.хч.15.л;хч715л-ГН_2016
2014.г.57.о.хч.13.л;хч713л-ГН_2016
2014.г.59.о.хоХо.27.л;727-гн
2014.н.32.о.хо.1.л;701
2014.н.33.о.хоХо.23.л;723_2016
2014.н.36.о.хоХо.24.л;724_2016
2014.н.40.о.хч.11.л;хч711л_2016
2014.н.41.о.хч.14.л;хч714л_2016
2014.н.43.о.хч.12.л;хч712л_2016
2014.н.49.о.хцХло.31.л;731_2016
2014.н.5.бб.юХд.2.ю;802
2014.н.5.о.хцХло.30.а;430
2014.н.5.о.хцХло.31.а;431
2014.н.5.о.хцХло.32.а;432
2014.н.5.о.хцХло.33.а;433
2014.н.5.о.хцХло.34.а;434
2014.н.5.о.хцХло.35.а;435
2014.н.5.о.хо.1.а;хо-401
2014.н.5.о.хо.10.а;хо-410
2014.н.5.о.хо.11.а;хо-411
2014.н.5.о.хо.12.а;хо-412
2014.н.5.о.хо.13.а;хо-413
2014.н.5.о.хо.14.а;хо-414
2014.н.5.о.хо.15.а;хо-415
2014.н.5.о.хо.16.а;хо-416
2014.н.5.о.хо.17.а;хо-417
2014.н.5.о.хо.18.а;хо-418
2014.н.5.о.хо.19.а;хо-419
2014.н.5.о.хо.2.а;хо-402
2014.н.5.о.хо.20.а;хо-420
2014.н.5.о.хо.21.а;хо-421
2014.н.5.о.хо.22.а;хо-422
2014.н.5.о.хо.23.а;хо-423
2014.н.5.о.хо.3.а;хо-403
2014.н.5.о.хо.4.а;хо-404
2014.н.5.о.хо.5.а;хо-405
2014.н.5.о.хо.6.а;хо-406
2014.н.5.о.хо.7.а;хо-407
2014.н.5.о.хо.8.а;хо-408
2014.н.5.о.хо.9.а;хо-409
2014.н.5.о.хоХо.23.а;423
2014.н.5.о.хоХо.24.а;424
2014.н.5.о.хч.1.а;хч512я(А)
2014.н.5.о.хч.11.а;хч411а
2014.н.5.о.хч.11.я;хч511я
2014.н.5.о.хч.12.а;хч412а
2014.н.5.о.хч.12.я;хч512я
2014.н.5.о.хч.13.а;хч413а
2014.н.5.о.хч.13.я;хч513я
2014.н.5.о.хч.14.а;хч414а
2014.н.5.о.хч.15.а;хч415а
2014.н.5.о.хч.16.а;хч416а
2014.н.5.о.хч.17.а;хч417а
2014.н.5.о.хч.18.а;хч418а
2014.н.5.о.хч.19.а;хч419а
2014.н.5.о.хч.2.а;хч513я(А)
2014.н.5.о.хч.20.а;хч420а
2014.н.5.о.хч.21.а;хч421а
2014.н.5.о.хч.22.а;хч422а
2014.н.5.о.хч.3.а;хч514я(А)
2014.н.5.о.тяон.1.яон;21
2014.н.5.о.тяон.2.яон;32
2014.н.5.о.тяон.3.яон;32ю
2014.н.5.яно.хгХсн.65.а;465
2014.н.53.о.хцХло.30.л;730_2016
2014.н.54.о.хоХо.25.л;725_2016
2014.н.55.о.хцХло.32.л;732_2016
2014.н.57.о.хч.13.л;хч713л_2016
2014.н.61.о.юХд.1.ю;юХд301(02)
2014.н.62.о.юХд.2.ю;юХд302(03)
2014.н.64.о.юХд.3.ю;юХд303(08)
2014.н.65.о.юХд.4.ю;юХд304(09)
2014.н.66.о.юХд.5.ю;юХд305(10)
2014.н.69.о.юХд.6.ю;юХд306(14)
2014.н.70.о.юХд.7.ю;юХд307(15)
2015.б.5.бб.бт.4.а;34
2015.б.5.о.бт.1.а;хяно51а_БТ_ЯН
2015.б.5.о.бт.2.а;хяно52а_БТ_ЯН
2015.б.5.о.бт.3.а;хяно53а_БТ_ЯН
2015.б.5.яно.хгХсн.8.а;хяно48а_БТ_ЯОН
2015.б.58.о.хцХло.32.л;732
2015.г.32.о.хо.1.л;701-гн
2015.г.32.о.хо.2.л;702-гн
2015.г.32.о.хо.3.л;703-гн
2015.г.32.о.хо.4.л;704-гн
2015.г.32.о.хо.5.л;705-гн
2015.г.33.о.хоХо.23.л;723-гн
2015.г.34.о.хоХо.26.л;726-гн
2015.г.36.о.хоХо.24.л;724-гн
2015.г.40.о.хч.11.л;хч711л-ГН_2017
2015.г.41.о.хч.16.л;хч716л-ГН_2017
2015.г.42.о.хч.19.л;хч719л-ГН_2017
2015.г.43.о.хч.12.л;хч712л-ГН_2017
2015.г.44.о.хч.13.л;хч713л-ГН_2017
2015.г.49.о.хцХло.31.л;731ГН
2015.г.5.бб.хцХло.45.а;445
2015.г.5.бб.хцХло.46.а;446
2015.г.5.бб.хцХло.47.а;447
2015.г.5.бб.хгХсн.21.а;321
2015.г.5.бб.хгХсн.22.а;322
2015.г.5.о.хцХло.40.а;хцХло540а_ГТ_ЯН
2015.г.5.о.хцХло.41.а;хцХло541а_ГТ_ЯН
2015.г.5.о.хцХло.42.а;хцХло442-ГН-ЯН
2015.г.5.о.хгХсн.1.а;хяно501а_ГТ_ЯН
2015.г.5.о.хгХсн.2.а;хяно502а_ГТ_ЯН
2015.г.5.о.хяно.3.а;хяно503а_ГТ_ЯН
2015.г.5.о.тяон.7.яон;37-г
2015.г.5.яно.хгХсн.11.а;хяно411а_ГТ_ЯОН
2015.г.5.яно.хгХсн.12.а;хяно412а_ГТ_ЯОН
2015.г.5.яно.хгХсн.13.а;хяно413а_ГТ_ЯОН
2015.г.5.яно.хгХсн.14.а;хяно414а_ГТ_ЯОН
2015.г.5.яно.тяон.8.яон;хяно(тяон)48од-ГН
2015.г.53.о.хцХло.30.л;730ГН
2015.г.54.о.хоХо.25.л;725-гн
2015.г.56.о.хч.17.л;хч717л-ГН_2017
2015.г.57.о.хч.14.л;хч714л-ГН_2017
2015.г.57.о.хч.15.л;хч715л-ГН_2017
2015.г.59.о.хоХо.27.л;727-гн
2015.н.32.о.хо.1.л;701
2015.н.32.о.хо.1.я;хо501я
2015.н.32.о.хо.2.л;702
2015.н.32.о.хо.2.я;хо502я
2015.н.32.о.хо.3.л;703
2015.н.32.о.хо.3.я;хо503я
2015.н.32.о.хо.4.л;704
2015.н.32.о.хо.4.я;хо504я
2015.н.32.о.хо.5.я;хо505я
2015.н.32.о.хо.6.я;хо506я
2015.н.33.о.хоХо.23.л;723
2015.н.34.о.хоХо.26.л;726
2015.н.36.о.хоХо.24.л;724
2015.н.40.о.хч.11.л;хч711л_2017
2015.н.41.о.хч.16.л;хч716л_2017
2015.н.43.о.хч.12.л;хч712л_2017
2015.н.44.о.хч.13.л;хч713л_2017
2015.н.49.о.хцХло.31.л;731
2015.н.5.бб.юХд.1.ю;801
2015.н.5.о.хцХло.30.а;хцХло430а
2015.н.5.о.хцХло.31.а;хцХло431а
2015.н.5.о.хцХло.32.а;хцХло432а
2015.н.5.о.хцХло.33.а;хцХло432а
2015.н.5.о.хцХло.34.а;хцХло433а
2015.н.5.о.хо.1.а;хо401а
2015.н.5.о.хо.10.а;хо410а
2015.н.5.о.хо.11.а;хо411а
2015.н.5.о.хо.12.а;хо412а
2015.н.5.о.хо.13.а;хо413а
2015.н.5.о.хо.14.а;хо414а
2015.н.5.о.хо.15.а;хо415а
2015.н.5.о.хо.16.а;хо416а
2015.н.5.о.хо.17.а;хо417а
2015.н.5.о.хо.18.а;хо418а
2015.н.5.о.хо.19.а;хо419а
2015.н.5.о.хо.2.а;хо402а
2015.н.5.о.хо.20.а;хо420а
2015.н.5.о.хо.3.а;хо403а
2015.н.5.о.хо.4.а;хо404а
2015.н.5.о.хо.5.а;хо405а
2015.н.5.о.хо.6.а;хо406а
2015.н.5.о.хо.7.а;хо407а
2015.н.5.о.хо.8.а;хо408а
2015.н.5.о.хо.9.а;хо409а
2015.н.5.о.хоХо.23.а;хоХо423а
2015.н.5.о.хоХо.24.а;хоХо424а
2015.н.5.о.хоХо.25.а;хоХо425а
2015.н.5.о.хч.11.а;хч411а_щйоп
2015.н.5.о.хч.11.я;хч511я
2015.н.5.о.хч.12.а;хч412а_щйоп
2015.н.5.о.хч.12.я;хч512я
2015.н.5.о.хч.13.а;хч413а
2015.н.5.о.хч.13.я;хч513я
2015.н.5.о.хч.14.а;хч414а
2015.н.5.о.хч.14.я;хч514я
2015.н.5.о.хч.15.а;хч415а
2015.н.5.о.хч.16.а;хч416а
2015.н.5.о.хч.17.а;хч417а
2015.н.5.о.хч.18.а;хч418а
2015.н.5.о.хч.19.а;хч419а
2015.н.5.о.хч.20.а;хч420а
2015.н.5.о.хч.21.а;хч421а
2015.н.5.о.хч.22.а;хч422а
2015.н.5.о.тдн.1.дон;чПХЯРШ_2015-2017
2015.н.5.о.тдн.2.дон;аСУЦЮКРЕПШ_2015-2017
2015.н.5.о.тдн.3.дон;оЕПЕБНДВХЙХ_2015-2017
2015.н.5.о.тдн.4.дон;оЯХУНКНЦХ_2015-2017
2015.н.5.о.тяон.1.яон;21_2017
2015.н.5.о.тяон.2.яон;22_2017
2015.н.5.о.тяон.3.яон;23_2017
2015.н.5.о.тяон.4.яон;34
2015.н.5.о.тяон.5.яон;35
2015.н.5.о.тяон.6.яон;26
2015.н.5.яно.хгХсн.65.а;365
2015.н.53.о.хцХло.30.л;730
2015.н.54.о.хоХо.25.л;725
2015.н.57.о.хч.14.л;хч714л_2017
2015.н.57.о.хч.15.л;хч715л_2017
2015.н.60.о.юХд.1.ю;юХд301(01)
2015.н.61.о.юХд.2.ю;юХд302(02)
2015.н.62.о.юХд.3.ю;юХд303(03)
2015.н.63.о.юХд.4.ю;юХд304(05)
2015.н.66.о.юХд.5.ю;юХд305(10)
2015.н.70.о.юХд.6.ю;юХд306(15)
2016.б.0.о.тоХойяй.1.ю;тоХойяй_1(2016)
2016.б.0.о.тоХойяй.2.ю;тоХойяй_1(2017)
2016.б.5.бб.бт.1.а;хяно301а_БТ_БН
2016.б.5.бб.хцХло.1.а;хцХло301а_ГТ_БН_ЯА
2016.б.5.о.бт.1.а;хяно501а_БТ_ЯН
2016.б.5.о.бт.2.а;хяно502а_БТ_ЯН
2016.б.5.о.бт.3.а;хяно503а_БТ_ЯН
2016.б.5.яно.хгХсн.1.а;хяно48а_БТ_ЯОН
2016.б.58.о.хцХло.1.л;хцХло701л-БЕВ
2016.г.0.о.хяно.3.а;хяно503а_ГТ_ЯН
2016.г.32.о.хо.1.л;хо701л-ГН
2016.г.32.о.хо.2.л;хо702л-ГН
2016.г.32.о.хо.3.л;хо703л-ГН
2016.г.32.о.хо.4.л;хо704л-ГН
2016.г.32.о.хо.5.л;хо705л-ГН
2016.г.32.о.хо.6.л;хо706л-ГН
2016.г.32.о.хо.7.л;хо707л-ГН
2016.г.32.о.хо.8.л;хо708л-ГН
2016.г.33.о.хоХо.1.л;хоХо701/2л-ГН
2016.г.33.о.хоХо.2.л;хоХо701л-ГН
2016.г.36.о.хоХо.1.л;хоХо702л-ГН
2016.г.40.о.хч.1.л;хч711л-ГН
2016.г.41.о.хч.11.л;хч721л-ГН
2016.г.41.о.хч.6.л;хч716л-ГН
2016.г.42.о.хч.8.л;хч718л-ГН
2016.г.44.о.хч.12.л;хч722л-ГН
2016.г.44.о.хч.3.л;хч713л-ГН
2016.г.49.о.хцХло.1.л;хцХло701л-ГН
2016.г.5.бб.хцХло.1.а;хцХло301а_ГТ_БН
2016.г.5.бб.хгХсн.1.а;хяно321а_ГТ_БН ЮПУХБ
2016.г.5.бб.хгХсн.2.а;хяно322а_ГТ_БН
2016.г.5.о.хцХло.1.а;хцХло501а_ГТ_ЯН
2016.г.5.о.хцХло.2.а;хцХло502а_ГТ_ЯН
2016.г.5.о.хцХло.3.а;хцХло503а_ГТ_ЯН
2016.г.5.о.хгХсн.1.а;хяно501а_ГТ_ЯН
2016.г.5.о.хгХсн.2.а;хяно502а_ГТ_ЯН
2016.г.5.о.хяно.3.а;хяно503а_ГТ_ЯН
2016.г.5.о.тяон.4.яон;хяно(тяон)34-ГН
2016.г.5.о.тяон.5.яон;хяно(тяон)35од-ГН
2016.г.5.яно.хгХсн.1.а;хяно411а_ГТ_ЯОН
2016.г.5.яно.хгХсн.2.а;хяно412а_ГТ_ЯОН
2016.г.5.яно.хгХсн.3.а;хяно413а_ГТ_ЯОН
2016.г.5.яно.хгХсн.4.а;хяно414а_ГТ_ЯОН
2016.г.53.о.хцХло.2.л;хцХло702л-ГН
2016.г.54.о.хоХо.3.л;хоХо703л-ГН
2016.г.55.о.хцХло.3.л;хцХло703л-ГН
2016.г.56.о.хч.7.л;хч717л-ГН
2016.г.57.о.хч.10.л;хч720л-ГН
2016.г.57.о.хч.4.л;хч714л-ГН
2016.г.57.о.хч.5.л;хч715л-ГН
2016.г.59.о.хоХо.4.л;хоХо706л-ГН
2016.г.71.о.хч.2.л;хч712л-ГН
2016.г.72.о.хоХо.5.л;хоХо705л-ГН
2016.г.79.о.хцХло.3.л;хцХло(ч)-324
2016.г.80.о.хцХло.5.л;хцХло(ч)-335
2016.г.81.о.хцХло.6.л;хцХло(ч)-344
2016.г.82.о.хцХло.12.л;хцХло(ч)-375
2016.г.83.о.хцХло.11.л;хцХло(ч)-366
2016.г.87.о.хцХло.10.л;хцХло(ч)-355
2016.г.88.о.хцХло.1.л;хцХло(ч)-307
2016.г.89.о.хцХло.8.л;хцХло(ч)-353
2016.г.90.о.хцХло.2.л;хцХло(ч)-309
2016.г.91.о.хцХло.4.л;хцХло(ч)-326
2016.г.92.о.хцХло.9.л;хцХло(ч)-354
2016.г.93.о.хцХло.7.л;хцХло(ч)-345
2016.н.32.о.хо.1.л;хо701л
2016.н.32.о.хо.1.я;хо501я
2016.н.32.о.хо.2.л;хо702л
2016.н.32.о.хо.2.я;хо502я
2016.н.32.о.хо.3.л;хо703л
2016.н.32.о.хо.3.я;хо503я
2016.н.32.о.хо.4.л;хо704л
2016.н.33.о.хоХо.2.л;хоХо701л
2016.н.36.о.хоХо.1.л;хоХо702л
2016.н.40.о.хч.1.л;хч711л
2016.н.41.о.хч.6.л;хч716л
2016.н.44.о.хч.3.л;хч713л
2016.н.49.о.хцХло.1.л;хцХло701л
2016.н.5.о.хцХло.1.а;хцХло401а
2016.н.5.о.хцХло.2.а;хцХло402а
2016.н.5.о.хцХло.3.а;хцХло403а
2016.н.5.о.хцХло.4.а;хцХло404а
2016.н.5.о.хцХло.5.а;хцХло405а
2016.н.5.о.хо.1.а;хо401а
2016.н.5.о.хо.10.а;хо410а
2016.н.5.о.хо.11.а;хо411а
2016.н.5.о.хо.12.а;хо412а
2016.н.5.о.хо.13.а;хо413а
2016.н.5.о.хо.14.а;хо414а
2016.н.5.о.хо.15.а;хо415а
2016.н.5.о.хо.16.а;хо416а
2016.н.5.о.хо.17.а;хо417а
2016.н.5.о.хо.18.а;хо418а
2016.н.5.о.хо.19.а;хо419а
2016.н.5.о.хо.2.а;хо402а
2016.н.5.о.хо.20.а;хо420а
2016.н.5.о.хо.21.а;хо421а
2016.н.5.о.хо.22.а;хо422а
2016.н.5.о.хо.3.а;хо403а
2016.н.5.о.хо.4.а;хо404а
2016.н.5.о.хо.5.а;хо405а
2016.н.5.о.хо.6.а;хо406а
2016.н.5.о.хо.7.а;хо407а
2016.н.5.о.хо.8.а;хо408а
2016.н.5.о.хо.9.а;хо409а
2016.н.5.о.хоХо.1.а;хоХо401а
2016.н.5.о.хоХо.2.а;хоХо402а
2016.н.5.о.хоХо.3.а;хоХо403а
2016.н.5.о.хч.1.а;хч411а_щйоп
2016.н.5.о.хч.1.я;хч511я
2016.н.5.о.хч.10.а;хч420а
2016.н.5.о.хч.11.а;хч421а
2016.н.5.о.хч.12.а;хч422а_ЮПУХБ!
2016.н.5.о.хч.13.а;хч423а_ЮПУХБ!
2016.н.5.о.хч.14.а;хч424а
2016.н.5.о.хч.15.а;хч425а
2016.н.5.о.хч.2.а;хч412а_щйоп
2016.н.5.о.хч.2.я;хч512я
2016.н.5.о.хч.3.а;хч413а
2016.н.5.о.хч.3.я;хч513я
2016.н.5.о.хч.4.а;хч414а
2016.н.5.о.хч.4.я;хч514я
2016.н.5.о.хч.5.а;хч415а
2016.н.5.о.хч.5.я;хч515я
2016.н.5.о.хч.6.а;хч416а
2016.н.5.о.хч.7.а;хч417а
2016.н.5.о.хч.8.а;хч418а
2016.н.5.о.хч.9.а;хч419а
2016.н.5.о.тдн.1.дон;оЕПЕБНДВХЙХ_2016-2018
2016.н.5.о.тдн.2.дон;чПХЯОПСДЕМЖХЪ_2016-2018
2016.н.5.о.тдн.3.дон;оЯХУНКНЦХЪ_2016-2018
2016.н.5.о.тдн.4.дон;аСУ. СВЕР_2016-2018
2016.н.5.о.тяон.1.яон;21
2016.н.5.о.тяон.2.яон;хяно(тяон)32од
2016.н.5.о.тяон.3.яон;хяно(тяон)33од
2016.н.5.яно.хгХсн.1.а;хяно365а
2016.н.53.о.хцХло.2.л;хцХло702л
2016.н.54.о.хоХо.3.л;хоХо703л
2016.н.55.о.хцХло.3.л;хцХло703л
2016.н.56.о.хч.7.л;хч717л
2016.н.57.о.хч.4.л;хч714л
2016.н.57.о.хч.5.л;хч715л
2016.н.60.о.юХд.7.ю;юХд301_01_ЮПУХБ
2016.н.61.о.юХд.4.ю;юХд302_02_ЮПУХБ
2016.н.62.о.юХд.2.ю;юХд303_03_ЮПХУБ
2016.н.64.о.юХд.6.ю;юХд304_08_ЮПУХБ
2016.н.66.о.юХд.5.ю;юХд305_10_ЮПУХБ
2016.н.70.о.юХд.3.ю;юХд306_15_ЮПУХБ
2016.н.71.о.хч.2.л;хч712л
2016.н.72.о.хоХо.5.л;хоХо705л
2016.н.79.о.хцХло.1.л;ч-221
2016.н.80.о.хцХло.1.л;ч-231
2016.н.81.о.хцХло.1.л;ч-241
2016.н.82.о.хцХло.1.л;ч-271
2016.н.83.о.хцХло.1.л;ч-262
2017.б.36.о.бт.1.л;хоХо701л_БТ
2017.б.5.бб.бт.1.а;хяно301а_БТ_БН
2017.б.5.о.бт.1.а;хяно501а_БТ_ЯН
2017.б.5.о.бт.2.а;хяно502а_БТ_ЯН
2017.б.5.о.бт.3.а;хяно503а_БТ_ЯН
2017.б.5.о.хцХло.1.а;хцХло301а_ГТ_БН_ЯА
2017.б.5.яно.хгХсн.1.а;хяно48а_БТ_ЯОН
2017.б.5.яно.хяно.2.а;хяно39а_БТ_ЯОН
2017.г.32.о.хо.1.л;хо701л_ГТ
2017.г.32.о.хо.2.л;хо702л_ГТ
2017.г.32.о.хо.3.л;хо703л_ГТ
2017.г.32.о.хо.4.л;хо704л_ГТ
2017.г.32.о.хо.5.л;хо705л_ГТ
2017.г.32.о.хо.6.л;хо706л_ГТ
2017.г.32.о.хо.7.л;хо707л_ГТ
2017.г.32.о.хо.8.л;хо708л_ГТ
2017.г.33.о.хоХо.1.л;хоХо701л_ГТ
2017.г.33.о.хоХо.2.л;хоХо701/2л_ГТ
2017.г.36.о.хоХо.1.л;хоХо702л_ГТ
2017.г.40.о.хч.1.л;хч711л_ГТ
2017.г.41.о.хч.1.л;хч716л_ГТ
2017.г.41.о.хч.3.л;хч721л_ГТ
2017.г.44.о.хч.1.л;хч713л_ГТ
2017.г.44.о.хч.3.л;хч722л_ГТ
2017.г.49.о.хцХло.1.л;хцХло701л_ГТ
2017.г.5.бб.хцХло.1.а;хцХло301а_ГТ_БН
2017.г.5.бб.хгХсн.1.а;хяно321а_ГТ_БН
2017.г.5.о.хцХло.1.а;хцХло501а_ГТ-ЯН
2017.г.5.о.хцХло.2.а;хцХло502а_БТ_ЯН
2017.г.5.о.хцХло.3.а;хцХло503а_БТ_ЯН
2017.г.5.о.хцХло.4.а;хцХло404а_ГТ_ЯН
2017.г.5.о.хцХло.5.а;хцХло505а_БТ_ЯН
2017.г.5.о.хцХло.6.а;хцХло506а_БТ_ЯН
2017.г.5.о.хгХсн.1.а;хцХло(хяно)301а-НГЩ(ЯН)
2017.г.5.о.хгХсн.2.а;хцХло(хяно)302а-НГЩ(ЯН)
2017.г.5.о.хгХсн.3.а;хцХло(хяно)201Юа-ГН-ЯН
2017.г.5.о.тяон.1.яон;хяно(тяон)34-ГН
2017.г.5.яно.хгХсн.1.а;хяно411а_БТ_ЯОН_ХСО
2017.г.5.яно.хгХсн.2.а;хяно412а_БТ_ЯОН_ХСО
2017.г.5.яно.хгХсн.3.а;хяно313а_БТ_ЯОН_ХСО
2017.г.5.яно.хгХсн.4.а;хяно314а_БТ_ЯОН_ХСО
2017.г.5.яно.хгХсн.5.а;хяно411аЮ_ГТ_ЯОН
2017.г.53.о.хцХло.1.л;хцХло702л_ГТ
2017.г.54.о.хоХо.1.л;хоХо703л_ГТ
2017.г.56.о.хч.1.л;хч717л_ГТ
2017.г.57.о.хч.1.л;хч714л_ГТ
2017.г.57.о.хч.2.л;хч715л_ГТ
2017.г.57.о.хч.4.л;хч720л_ГТ
2017.г.59.о.хоХо.1.л;хоХо706л_ГТ
2017.г.71.о.хч.1.л;хч712л_ГТ
2017.г.72.о.хоХо.1.л;хоХо705л_ГТ
2017.г.73.о.хоХо.1.л;хоХо707л-ГН
2017.г.73.о.хоХо.2.л;хоХо704л-ГН
2017.н.32.о.хо.1.л;хо701л
2017.н.32.о.хо.2.л;хо702л
2017.н.32.о.хо.3.л;хо703л
2017.н.32.о.хо.4.л;хо704л
2017.н.32.о.хо.4.я;хо504я
2017.н.32.о.хо.5.я;хо505я
2017.н.33.о.хоХо.1.л;хоХо701л
2017.н.36.о.хоХо.1.л;хоХо702л
2017.н.40.о.хч.1.л;хч711л
2017.н.41.о.хч.1.л;хч716л
2017.н.44.о.хч.1.л;хч713л
2017.н.49.о.хцХло.1.л;хцХло701л
2017.н.5.о.хцХло.1.а;хцХло401а
2017.н.5.о.хцХло.2.а;хцХло402а
2017.н.5.о.хцХло.3.а;хцХло403а
2017.н.5.о.хцХло.4.а;хцХло404а
2017.н.5.о.хцХло.5.а;хцХло405а
2017.н.5.о.хцХло.6.а;хцХло406а
2017.н.5.о.хо.1.а;хо401а
2017.н.5.о.хо.10.а;хо410а
2017.н.5.о.хо.11.а;хо411а
2017.н.5.о.хо.12.а;хо412а
2017.н.5.о.хо.13.а;хо413а
2017.н.5.о.хо.14.а;хо414а
2017.н.5.о.хо.15.а;хо415а
2017.н.5.о.хо.16.а;хо416а
2017.н.5.о.хо.17.а;хо417а
2017.н.5.о.хо.18.а;хо418а
2017.н.5.о.хо.2.а;хо402а
2017.н.5.о.хо.21.а;хо421а
2017.н.5.о.хо.3.а;хо403а
2017.н.5.о.хо.4.а;хо404а
2017.н.5.о.хо.5.а;хо405а
2017.н.5.о.хо.6.а;хо406а
2017.н.5.о.хо.7.а;хо407а
2017.н.5.о.хо.8.а;хо408а
2017.н.5.о.хо.9.а;хо409а
2017.н.5.о.хоХо.1.а;хоХо401а
2017.н.5.о.хоХо.2.а;хоХо402а
2017.н.5.о.хоХо.3.а;хоХо403а
2017.н.5.о.хч.1.а;хч411а
2017.н.5.о.хч.1.я;хч511я
2017.н.5.о.хч.10.а;хч420а
2017.н.5.о.хч.11.а;хч421а
2017.н.5.о.хч.12.а;хч422а
2017.н.5.о.хч.13.а;хч423а
2017.н.5.о.хч.14.а;хч324а
2017.н.5.о.хч.2.а;хч412а
2017.н.5.о.хч.2.я;хч512я
2017.н.5.о.хч.3.а;хч413а
2017.н.5.о.хч.3.я;хч513я
2017.н.5.о.хч.4.а;хч414а
2017.н.5.о.хч.4.я;хч514я
2017.н.5.о.хч.5.а;хч415а
2017.н.5.о.хч.5.я;хч515я
2017.н.5.о.хч.6.а;хч416а
2017.н.5.о.хч.6.я;хч516я
2017.н.5.о.хч.7.а;хч417а
2017.н.5.о.хч.8.а;хч418а
2017.н.5.о.хч.9.а;хч419а
2017.н.5.о.тдн.1.дон;оЕПЕБНДВХЙХ_2017-2019
2017.н.5.о.тдн.2.дон;аСУ.СВЕР_2017-2019
2017.н.5.о.тдн.3.дон;оЯХУНКНЦХЪ_2017-2019
2017.н.5.о.тдн.4.дон;чПХЯОПСДЕМЖХЪ_2017-2019
2017.н.5.о.тяон.1.яон;хяно(тяон)31
2017.н.5.о.тяон.2.яон;хяно(тяон)22
2017.н.5.о.тяон.3.яон;хяно(тяон)23
2017.н.5.яно.хгХсн.1.а;хяно365а_ЯОН
2017.н.54.о.хоХо.1.л;хоХо703л
2017.н.55.о.хцХло.1.л;хцХло702л
2017.н.56.о.хч.1.л;хч717л
2017.н.57.о.хч.1.л;хч714л
2017.н.57.о.хч.2.л;хч715л юПУХБ
2017.н.58.о.хцХло.1.л;хцХло704л
2017.н.60.о.юХд.1.ю;юХд301_01
2017.н.61.о.юХд.1.ю;юХд302_02
2017.н.62.о.юХд.1.ю;юХд303_03
2017.н.64.о.юХд.1.ю;юХд304_08
2017.н.66.о.юХд.1.ю;юХд305_10
2017.н.67.о.хо.1.я;хо501я
2017.н.67.о.хо.2.я;хо502я
2017.н.67.о.хо.3.я;хо503я
2017.н.70.о.юХд.1.ю;юХд306_15
2017.н.71.о.хч.1.л;хч712л
2017.н.72.о.хоХо.1.л;хоХо705л
2018.б.0.о.хцХло.3.а;хцХло403а_БТ_ЯН
2018.б.0.о.тоХойяй.1.ю;ля_2018
2018.б.0.о.тоХойяй.2.ю;ч_2018
2018.б.0.о.тоХойяй.3.ю;онобн_2018
2018.б.5.бб.хцХло.1.а;хцХло301а_ГТ_БН_ЯА_БШОСЯЙ 21
2018.б.5.бб.хяно.1.а;хяно301а_БТ_БН
2018.б.5.о.хяно.1.а;хяно401а_БТ_ЯН
2018.б.5.о.хяно.2.а;хяно402а_БТ_ЯН
2018.б.5.о.хяно.3.а;хяно303а_БТ_ЯН
2018.б.5.яно.хяно.1.а;хяно401а_БТ_ЯОН
2018.б.5.яно.хяно.2.а;хяно202а_БТ_ЯОН
2018.б.57.о.хч.1.л;хч718л_БТ
2018.г.0.о.хяно.3.яон;хяно31яон_ГТ
2018.г.32.о.хо.1.л;хо701л_ГТ
2018.г.32.о.хо.2.л;хо702л_ГТ
2018.г.32.о.хо.3.л;хо703л_ГТ
2018.г.32.о.хо.4.л;хо704л_ГТ
2018.г.32.о.хо.5.л;хо705л_ГТ
2018.г.32.о.хо.6.л;хо706л_ГТ
2018.г.32.о.хо.7.л;хо707л_ГТ
2018.г.33.о.хоХо.1.л;хоХо701л_ГТ
2018.г.33.о.хоХо.2.л;хоХо701/2л_ГТ
2018.г.36.о.хоХо.1.л;хоХо702л_ГТ
2018.г.40.о.хч.1.л;хч711л_ГТ
2018.г.40.о.хч.2.л;хч712л_ГТ
2018.г.41.о.хч.1.л;хч720л_ГТ
2018.г.41.о.хч.2.л;хч721л_ГТ
2018.г.44.о.хч.1.л;хч718л_ГТ
2018.г.44.о.хч.2.л;хч719л_ГТ
2018.г.49.о.хцХло.1.л;хцХло701л_ГТ_ЮПУХБ
2018.г.5.бб.хцХло.1.а;хцХло301а_ГТ_БН_БШОСЯЙ 21
2018.г.5.о.хцХло.1.а;хцХло401а_БТ_ЯН
2018.г.5.о.хцХло.2.а;хцХло402а_БТ_ЯН
2018.г.5.о.хяно.1.яон;хяно(тяон)21-ГН
2018.г.5.яно.хяно.1.а;хяно401а_БТ_ЯОН_ХСО
2018.г.5.яно.хяно.2.а;хяно402а_БТ_ЯОН_ХСО
2018.г.5.яно.хяно.3.а;хяно403а_БТ_ЯОН_ХСО
2018.г.53.о.хцХло.1.л;хцХло702л_ГТ
2018.г.56.о.хч.1.л;хч722л_ГТ
2018.г.57.о.хч.1.л;хч715л_ГТ
2018.г.57.о.хч.2.л;хч716л_ГТ
2018.г.57.о.хч.3.л;хч717л_ГТ
2018.г.59.о.хоХо.1.л;хоХо704л_ГТ
2018.г.71.о.хч.1.л;хч713л_ГТ
2018.г.71.о.хч.2.л;хч714л_ГТ
2018.г.72.о.хоХо.1.л;хоХо703л_ГТ
2018.н.0.о.хо.20.а;бНЯЯР._хо
2018.н.0.о.хяно.2.яон;бШОСЯЙ_яон.2020_2021
2018.н.0.о.тдн.1.дон;оЕПЕБНДВХЙХ_2018-2020
2018.н.0.о.тдн.2.дон;аСУЦЮКРЕПШ_2018-2020
2018.н.0.о.тдн.3.дон;чПХЯРШ_2018-2020
2018.н.0.о.тдн.4.дон;оЯХУНКНЦХ_2018-2020
2018.н.32.о.хо.1.л;хо701л
2018.н.32.о.хо.2.л;хо702л
2018.н.32.о.хо.3.л;хо703л
2018.н.32.о.хо.4.л;хо704л
2018.н.33.о.хоХо.1.л;хоХо701л
2018.н.33.о.хоХо.2.л;хоХо701/2л
2018.н.36.о.хоХо.1.л;хоХо702л
2018.н.41.о.хч.1.л;хч716л
2018.н.44.о.хч.1.л;хч713л
2018.н.49.о.хцХло.1.л;хцХло701л
2018.н.5.о.хцХло.1.а;хцХло401а
2018.н.5.о.хцХло.2.а;хцХло402а
2018.н.5.о.хцХло.3.а;хцХло403а
2018.н.5.о.хцХло.4.а;хцХло404а
2018.н.5.о.хцХло.5.а;хцХло405а
2018.н.5.о.хо.1.а;хо401а
2018.н.5.о.хо.2.а;хо402а
2018.н.5.о.хо.3.а;хо403а
2018.н.5.о.хо.4.а;хо404а
2018.н.5.о.хо.5.а;хо405а
2018.н.5.о.хо.6.а;хо406а
2018.н.5.о.хо.7.а;хо407а
2018.н.5.о.хоХо.1.а;хоХо401а
2018.н.5.о.хоХо.2.а;хоХо402а
2018.н.5.о.хоХо.3.а;хоХо403а
2018.н.5.о.хоХо.4.а;хоХо404а
2018.н.5.о.хяно.1.яон;хяно(тяон)21
2018.н.5.о.хяно.2.яон;хяно(тяон)22
2018.н.5.о.хч.1.а;хч411а_щйоп
2018.н.5.о.хч.2.а;хч412а
2018.н.5.о.хч.3.а;хч413а
2018.н.5.о.хч.4.а;хч414а
2018.н.5.о.хч.5.а;хч415а
2018.н.5.о.хч.6.а;хч416а
2018.н.5.о.хч.7.а;хч417а
2018.н.5.о.хч.8.а;хч418а
2018.н.5.о.хч.9.а;хч419а
2018.н.5.яно.хяно.1.а;хяно301а_ЯОН
2018.н.53.о.хцХло.1.л;хцХло702л
2018.н.56.о.хч.1.л;хч717л
2018.н.57.о.хч.1.л;хч714л
2018.н.57.о.хч.2.л;хч715л
2018.н.58.о.хцХло.1.л;хцХло703л
2018.н.60.о.юХд.1.ю;юХд301_01
2018.н.61.о.юХд.1.ю;юХд302_02
2018.н.62.о.юХд.1.ю;юХд303_03
2018.н.63.о.юХд.1.ю;юХд304_05
2018.н.66.о.юХд.1.ю;юХд305_10
2018.н.67.о.хо.1.я;хо401я
2018.н.67.о.хо.10.я;хо410я
2018.н.67.о.хо.11.я;хо411я
2018.н.67.о.хо.12.я;хо412я
2018.н.67.о.хо.13.я;хо413я
2018.н.67.о.хо.14.я;хо414я
2018.н.67.о.хо.15.я;хо415я
2018.н.67.о.хо.2.я;хо402я
2018.н.67.о.хо.3.я;хо403я
2018.н.67.о.хо.4.я;хо404я
2018.н.67.о.хо.5.я;хо405я
2018.н.67.о.хо.6.я;хо406я
2018.н.67.о.хо.7.я;хо407я
2018.н.67.о.хо.8.я;хо408я
2018.н.67.о.хо.9.я;хо409я
2018.н.67.о.хч.1.я;хч411яд
2018.н.67.о.хч.2.я;хч412яд
2018.н.70.о.юХд.1.ю;юХд306_15
2018.н.71.о.хч.1.л;хч712л
2018.н.72.о.хоХо.1.л;хоХо703л
2018.н.78.о.хч.1.я;хч411я
2018.н.78.о.хч.2.я;хч412я
2018.н.78.о.хч.3.я;хч413я
2018.н.86.о.хцХло.1.л;хцХло704л
2019.б.0.о.хдн.1.ю;юПАХРПЮФМШЕ СОПЮБКЪЧЫХЕ КЕРН 2020
2019.б.0.о.тоХойяй.1.ю;ю_2019
2019.б.0.о.тоХойяй.2.ю;ч_2019
2019.б.0.о.тоХойяй.2ю;юс_2020
2019.б.0.о.тоХойяй.3.ю;ля_2019
2019.б.5.бб.хцХло.1.а;хцХло301а_ГТ_БН_ЯА
2019.б.5.о.хяно.1.а;хяно301а_БТ_ЯН
2019.б.5.яно.хяно.1.а;хяно301а_БТ_ЯОН
2019.б.5.яно.хяно.2.а;хяно202а_БТ_ЯОН_ПЮЯТНПЛХПНБЮРЭ
2019.б.5.яно.хяно.3.а;хяно302а_БТ_ЯОН
2019.б.57.о.хч.1.л;хч718л_БТ
2019.г.101.о.хч.1.л;хч716л_ГТ
2019.г.101.о.хч.2.л;хч717л_ГТ
2019.г.104.о.хч.1.л;хч711л_ГТ
2019.г.106.о.хч.1.л;хч713л_ГТ
2019.г.106.о.хч.2.л;хч714л_ГТ
2019.г.106.о.хч.3.л;хч715л_ГТ
2019.г.107.о.хч.1.л;хч720л_ГТ
2019.г.108.о.хч.1.л;хч718л_ГТ
2019.г.108.о.хч.2.л;хч_лЮЦХЯРП_ГТ_БШОСЯЙ22
2019.г.110.о.хч.1.л;хч712л_ГТ
2019.г.32.о.хо.1.л;хо701л_ГТ
2019.г.32.о.хо.2.л;хо702л_ГТ
2019.г.32.о.хо.3.л;хо703л_ГТ
2019.г.32.о.хо.4.л;хо704л_ГТ
2019.г.32.о.хо.5.л;хо705л_ГТ
2019.г.32.о.хо.6.л;хо706л_ГТ
2019.г.33.о.хоХо.1.л;хоХо701л_ГТ
2019.г.36.о.хоХо.1.л;хоХо702л_ГТ
2019.г.49.о.хцХло.1.л;хцХло701л_ГТ
2019.г.5.бб.хцХло.1.а;хцХло301а_ГТ_БН
2019.г.5.о.хцХло.1.а;хцХло301а_БТ_ЯН
2019.г.5.о.хцХло.2.а;хцХло302а_БТ_ЯН
2019.г.5.о.хцХло.3.а;хцХло203а_БТ_ЯН
2019.г.5.яно.хяно.1.а;хяно301а_БТ_ЯОН_ХСО
2019.г.5.яно.хяно.2.а;хяно302а_БТ_ЯОН_ХСО
2019.г.5.яно.хяно.3.а;хяно303а_БТ_ЯОН_ХСО
2019.г.5.яно.хяно.4.а;хяно304а_БТ_ЯОН_ХСО
2019.г.53.о.хцХло.1.л;хцХло702л_ГТ
2019.г.54.о.хоХо.1.л;хоХо705л_ГТ
2019.г.72.о.хоХо.1.л;хоХо703л_ГТ
2019.г.95.о.хоХо.1.л;хоХо701/2л_ГТ
2019.г.97.о.хоХо.1.л;хоХо704л_ГТ
2019.н.32.о.хо.1.л;хо701л
2019.н.32.о.хо.1.я;хо301я
2019.н.32.о.хо.10.я;хо310я
2019.н.32.о.хо.11.я;хо311я
2019.н.32.о.хо.12.я;хо312я
2019.н.32.о.хо.13.я;хо313я
2019.н.32.о.хо.14.я;хо314я
2019.н.32.о.хо.15.я;хо315я
2019.н.32.о.хо.16.я;хо316я
2019.н.32.о.хо.17.я;хо317я
2019.н.32.о.хо.2.л;хо702л
2019.н.32.о.хо.2.я;хо302я
2019.н.32.о.хо.3.я;хо303я
2019.н.32.о.хо.4.я;хо304я
2019.н.32.о.хо.5.я;хо305я
2019.н.32.о.хо.6.я;хо306я
2019.н.32.о.хо.7.я;хо307я
2019.н.32.о.хо.8.я;хо308я
2019.н.32.о.хо.9.я;хо309я
2019.н.33.о.хоХо.1.л;хоХо701л
2019.н.36.о.хоХо.1.л;хоХо702л
2019.н.41.о.хч.1.л;хч714л
2019.н.44.о.хч.1.л;хч716л
2019.н.49.о.хцХло.1.л;хцХло701л
2019.н.5.о.хцХло.1.а;хцХло301а
2019.н.5.о.хцХло.2.а;хцХло302а
2019.н.5.о.хцХло.3.а;хцХло303а
2019.н.5.о.хцХло.4.а;хцХло304а
2019.н.5.о.хцХло.5.а;хцХло305а
2019.н.5.о.хцХло.6.а;хцХло306а
2019.н.5.о.хо.1.а;хо301а
2019.н.5.о.хо.2.а;хо302а
2019.н.5.о.хо.3.а;хо303а
2019.н.5.о.хоХо.1.а;хоХо301а
2019.н.5.о.хоХо.2.а;хоХо302а
2019.н.5.о.хоХо.3.а;хоХо303а
2019.н.5.о.хоХо.4.а;хоХо304а
2019.н.5.о.хч.1.а;хч311а_щйоп
2019.н.5.о.хч.2.а;хч312а
2019.н.5.о.хч.3.а;хч313а
2019.н.5.о.хч.4.а;хч314а
2019.н.5.о.хч.5.а;хч315а
2019.н.5.о.хч.6.а;хч316а
2019.н.5.о.хч.7.а;хч317а
2019.н.5.яно.хяно.1.а;хяно301а_ЯОН
2019.н.53.о.хцХло.1.л;хцХло702л
2019.н.54.о.хоХо.1.л;хоХо705л
2019.н.56.о.юХд.1.ю;юХд303_03
2019.н.56.о.хч.1.л;хч715л
2019.н.56.о.хч.2.л;хч717л
2019.н.57.о.юХд.1.ю;юХд307_10
2019.н.57.о.хч.1.л;хч711л
2019.н.57.о.хч.2.л;хч712л
2019.н.58.о.хцХло.1.л;хцХло703л
2019.н.62.о.юХд.1.ю;юХд_ЮЙЮД_4
2019.н.63.о.юХд.1.ю;юХд301_01
2019.н.64.о.юХд.1.ю;юХд308_15
2019.н.66.о.юХд.1.ю;юХд306_08
2019.н.67.о.юХд.1.ю;юХд305_05
2019.н.71.о.хч.1.л;хч713л
2019.н.72.о.юХд.1.ю;юХд304_04
2019.н.72.о.хоХо.1.л;хоХо703л
2019.н.78.о.хч.1.я;хч311я
2019.н.78.о.хч.2.я;хч312я
2019.н.78.о.хч.3.я;хч313я
2019.н.85.о.хч.1.я;хч311яд
2019.н.85.о.хч.2.я;хч312яд
2019.н.85.о.хч.3.я;хч313яд
2019.н.86.о.хцХло.1.л;хцХло704л
2020.б.0.бб.хдн.1.ю;ля_2020
2020.б.0.о.хдн.1.ю;ч_2020
2020.б.0.о.хдн.2.ю;ч_2020/2
2020.б.0.о.хдн.3.ю;юс_2020/3
2020.б.0.о.хдн.4.ю;ч_2021
2020.б.5.о.хяно.1.а;хяно201а_БТ_ЯН
2020.б.5.яно.хяно.1.а;хяно201а_БТ_ЯОН
2020.б.5.яно.хяно.2.а;хяно202а_БТ_ЯОН
2020.г.101.о.хч.1.л;хч718л_ГТ
2020.г.101.о.хч.2.л;хч719л_ГТ
2020.г.101.о.хч.3.л;хч720л_ГТ
2020.г.104.о.хч.1.л;хч711л_ГТ
2020.г.104.о.хч.2.л;хч712л_ГТ
2020.г.106.о.хч.1.л;хч715л_ГТ
2020.г.106.о.хч.2.л;хч716л_ГТ
2020.г.106.о.хч.3.л;хч717л_ГТ
2020.г.107.о.хч.1.л;хч723л_ГТ
2020.г.108.о.хч.1.л;хч721л_ГТ
2020.г.108.о.хч.2.л;хч722л_ГТ
2020.г.110.о.хч.1.л;хч713л_ГТ
2020.г.110.о.хч.2.л;хч714л_ГТ
2020.г.32.о.хо.1.л;хо701л_ГТ
2020.г.32.о.хо.2.л;хо702л_ГТ
2020.г.32.о.хо.3.л;хо703л_ГТ
2020.г.32.о.хо.4.л;хо704л_ГТ
2020.г.32.о.хо.5.л;хо705л_ГТ
2020.г.32.о.хо.6.л;хо706л_ГТ
2020.г.32.о.хо.7.л;хо707л_ГТ
2020.г.33.о.хоХо.1.л;хоХо701л_ГТ
2020.г.33.о.хоХо.2.л;хоХо702л_ГТ
2020.г.33.о.хоХо.3.л;хоХо703л_ГТ
2020.г.33.о.хоХо.4.л;хоХо704л_ГТ
2020.г.33.о.хоХо.5.л;хоХо705л_ГТ
2020.г.33.о.хоХо.6.л;хоХо706л_ГТ
2020.г.49.о.хцХло.1.л;хцХло701л_ГТ
2020.г.49.о.хцХло.2.л;хцХло702л_ГТ
2020.г.5.бб.хцХло.1.а;хцХло201а_БТ_ЯН
2020.г.5.бб.хцХло.2.а;хцХло201а_ГТ_БН
2020.г.5.бб.хцХло.3.а;хцХло201а_ГТ_БН_ЯА
2020.г.5.о.хцХло.2.а;хцХло202а_БТ_ЯН
2020.г.5.о.хцХло.3.а;хцХло203а_БТ_ЯН
2020.г.5.яно.хяно.1.а;хяно201а_БТ_ЯОН_ХСО
2020.г.5.яно.хяно.2.а;хяно202а_БТ_ЯОН_ХСО
2020.г.5.яно.хяно.3.а;хяно203а_БТ_ЯОН_ХСО
2020.г.56.о.юХд.1.ю;юХд202_03_ГТ
2020.г.56.о.юХд.2.ю;юХд203_03_ГТ
2020.г.58.о.юХд.1.ю;юХд207_14_ГТ
2020.г.63.о.юХд.1.ю;юХд201_01_ГТ
2020.г.65.о.юХд.1.ю;юХд206_11_ГТ
2020.г.66.о.юХд.1.ю;юХд_205_08_ГТ
2020.г.67.о.юХд.1.ю;юХд204_05_ГТ
2020.г.85.о.хохо.1.я;хоХо201яд_ГТ
2020.г.85.о.хохо.2.я;хоХо202яд_ГТ
2020.г.85.о.хохо.3.я;хоХо203яд_ГТ
2020.г.85.о.хохо.4.я;хоХо204яд_ГТ
2020.г.85.о.хяно.1.яон;хяно21яон_ГТ
2020.г.85.о.хяно.2.яон;хяно22яон_ГТ
2020.г.95.о.хоХо.1.л;хоХо701/2л_ГТ
2020.н.0.о.хяно.1.дн;хяно_дн_яЮДХУНБ
2020.н.32.о.хо.1.л;хо701л
2020.н.32.о.хо.1.я;хо201я
2020.н.32.о.хо.10.я;хо210я
2020.н.32.о.хо.11.я;хо211я
2020.н.32.о.хо.12.я;хо212я
2020.н.32.о.хо.13.я;хо213я
2020.н.32.о.хо.14.я;хо214я
2020.н.32.о.хо.15.я;хо215я
2020.н.32.о.хо.2.л;хо702л
2020.н.32.о.хо.2.я;хо202я
2020.н.32.о.хо.3.л;хо703л
2020.н.32.о.хо.3.я;хо203я
2020.н.32.о.хо.4.я;хо204я
2020.н.32.о.хо.5.я;хо205я
2020.н.32.о.хо.6.я;хо206я
2020.н.32.о.хо.7.я;хо207я
2020.н.32.о.хо.8.я;хо208я
2020.н.32.о.хо.9.я;хо209я
2020.н.33.о.хоХо.1.л;хоХо701л
2020.н.33.о.хоХо.2.л;хоХо702л
2020.н.33.о.хоХо.3.л;хоХо703л
2020.н.33.о.хоХо.4.л;хоХо604л
2020.н.33.о.хоХо.5.л;хоХо705л
2020.н.49.о.хцХло.1.л;хцХло701л
2020.н.49.о.хцХло.2.л;хцХло702л
2020.н.5.о.хцХло.1.а;хцХло201а
2020.н.5.о.хцХло.2.а;хцХло202а
2020.н.5.о.хцХло.3.а;хцХло203а
2020.н.5.о.хцХло.4.а;хцХло204а
2020.н.5.о.хцХло.5.а;хцХло205а
2020.н.5.о.хцХло.6.а;хцХло206а
2020.н.5.о.хо.1.а;хо201а
2020.н.5.о.хо.2.а;хо202а
2020.н.5.о.хо.3.а;хо203а
2020.н.5.о.хоХо.1.а;хоХо201а
2020.н.5.о.хоХо.2.а;хоХо202а
2020.н.5.о.хоХо.3.а;хоХо203а
2020.н.5.о.хоХо.4.а;хоХо204а
2020.н.5.о.хоХо.5.а;хоХо205а
2020.н.5.о.хч.1.а;хч211а
2020.н.5.о.хч.2.а;хч212а
2020.н.5.о.хч.3.а;хч213а
2020.н.5.о.хч.4.а;хч214а
2020.н.5.о.хч.5.а;хч215а
2020.н.5.о.хч.6.а;хч216а
2020.н.5.о.хч.7.а;хч217а
2020.н.5.о.хч.8.а;хч218а
2020.н.5.яно.хяно.1.а;хяно201а_ЯОН
2020.н.56.о.юХд.1.ю;юХд203_03
2020.н.56.о.юХд.2.ю;юХд204_03
2020.н.56.о.хч.1.л;хч715л
2020.н.57.о.юХд.1.ю;юХд207_10
2020.н.57.о.хч.1.л;хч611л
2020.н.57.о.хч.2.л;хч712л
2020.н.57.о.хч.3.л;хч713л
2020.н.57.о.хч.4.л;хч714л
2020.н.57.о.хч.6.л;хч716л
2020.н.57.о.хч.7.л;хч717л
2020.н.58.о.юХд.1.ю;юХд209_14
2020.н.58.о.хцХло.1.л;хцХло703л
2020.н.62.о.юХд.1.ю;юХд202_02
2020.н.63.о.юХд.1.ю;юХд201_01
2020.н.64.о.юХд.1.ю;юХд210_15
2020.н.65.о.юХд.1.ю;юХд208_11
2020.н.66.о.юХд.1.ю;юХд206_08
2020.н.72.о.юХд.1.ю;юХд205_04
2020.н.78.о.хч.1.я;хч211я
2020.н.78.о.хч.2.я;хч212я
2020.н.78.о.хч.3.я;хч213я
2020.н.85.о.хяно.1.яон;хяно21яон
2020.н.85.о.хяно.2.яон;хяно22яон
2020.н.85.о.хяно.3.яон;хяно23яон
2020.н.85.о.хяно.4.яон;хяно24яон
2020.н.85.о.хяно.5.яон;хяно25яон
2020.н.85.о.хч.1.я;хч211яд
2020.н.85.о.хч.2.я;хч212яд
2020.н.85.о.хч.3.я;хч213яд
2020.н.85.о.хч.4.я;хч214яд
2020.н.86.о.хцХло.1.л;хцХло704л
2021.б.116.бб.хоХо.1.я;хоХо101яд_ГТ_БН
2021.б.116.о.хоХо.1.я;хоХо101яд_ГТ
2021.б.116.о.хоХо.2.я;хоХо102яд_ГТ
2021.б.83.бб.хцХло.1.а;хцХло101а_ГТ_БН
2021.б.83.бб.хцХло.2.а;хцХло101а_ГТ_БН_ЯА
2021.б.83.яно.хяно.1.а;хяно101а_ГТ_ЯОН
2021.б.83.яно.хяно.2.а;хяно102а_ГТ_ЯОН
2021.б.83.яно.хяно.3.а;хяно103а_ГТ_ЯОН
2021.б.84.о.хцХло.1.л;хцХло601л_ГТ
2021.б.84.о.хцХло.2.л;хцХло602л_ГТ
2021.б.84.о.хо.1.л;хо601л_ГТ
2021.б.84.о.хо.2.л;хо602л_ГТ
2021.б.84.о.хо.3.л;хо603л_ГТ
2021.б.84.о.хо.4.л;хо604л_ГТ
2021.б.84.о.хо.5.л;хо605л_ГТ
2021.б.84.о.хоХо.1.л;хоХо601л_ГТ
2021.б.84.о.хоХо.2.л;хоХо602л_ГТ
2021.б.84.о.хоХо.3.л;хоХо603/1л_ГТ
2021.б.84.о.хоХо.4.л;хоХо603л_ГТ
2021.б.84.о.хоХо.5.л;хоХо604/1_ГТ
2021.б.84.о.хоХо.6.л;хоХо604л_ГТ
2021.б.84.о.хоХо.7.л;хоХо605/1л_ГТ
2021.б.84.о.хоХо.8.л;хоХо605л_ГТ
2021.б.84.о.хоХо.9.л;хоХо606л_ГТ
2021.б.84.о.хч.1.л;хч601л_ГТ
2021.б.84.о.хч.2.л;хч602/1л_ГТ
2021.б.84.о.хч.3.л;хч602/2л_ГТ
2021.б.84.о.хч.4.л;хч602л_ГТ
2021.б.84.о.хч.5.л;хч603/1л_ГТ
2021.б.84.о.хч.6.л;хч603л_ГТ
2021.б.84.о.хч.7.л;хч604л_ГТ
2021.б.84.о.хч.8.л;хч605/1л_ГТ
2021.б.84.о.хч.9.л;хч605л_ГТ
2021.б.85.о.хяно.1.яно;хяно11яон_ГТ
2021.б.85.о.хяно.2.яно;хяно12яон_ГТ
2021.б.87.о.нюХд.1.ю;юХд101_01_ГТ
2021.б.87.о.нюХд.2.ю;юХд102_03_ГТ
2021.б.87.о.нюХд.3.ю;юХд103_05_ГТ
2021.б.87.о.нюХд.4.ю;юХд105_09_ГТ
2021.б.87.о.нюХд.5.ю;юХд106_11_ГТ
2021.б.87.о.нюХд.6.ю;юХд107_15_ГТ
2021.б.87.о.нюХд.7.ю;юХд104_08_ГТ
2021.г.83.о.хяно.1.а;хяно101а_БТ_ЯН
2021.г.83.о.хяно.2.а;хяно101а_оч_БТ_ЯН
2021.г.83.о.хяно.3.а;хяно102а_БТ_ЯН
2021.г.83.о.хяно.4.а;хяно102а_оч_БТ_ЯН
2021.г.83.яно.хяно.1.а;хяно101а_БТ_ЯОН
2021.г.83.яно.хяно.2.а;хяно102а_БТ_ЯОН
2021.н.116.о.хо.1.я;хо101я
2021.н.116.о.хо.10.я;хо110я
2021.н.116.о.хо.11.я;хо111я
2021.н.116.о.хо.12.я;хо112я
2021.н.116.о.хо.13.я;хо113я
2021.н.116.о.хо.14.я;хо114я
2021.н.116.о.хо.15.я;хо115я
2021.н.116.о.хо.16.я;хо116я
2021.н.116.о.хо.17.я;хо117я
2021.н.116.о.хо.2.я;хо102я
2021.н.116.о.хо.3.я;хо103я
2021.н.116.о.хо.4.я;хо104я
2021.н.116.о.хо.5.я;хо105я
2021.н.116.о.хо.6.я;хо106я
2021.н.116.о.хо.7.я;хо107я
2021.н.116.о.хо.8.я;хо108я
2021.н.116.о.хо.9.я;хо109я
2021.н.116.о.хоХо.1.я;хоХо101яд
2021.н.116.о.хч.1.я;хч111яд
2021.н.116.о.хч.2.я;хч112яд
2021.н.116.о.хч.3.я;хч113яд
2021.н.116.о.хч.4.я;хч114яд
2021.н.83.о.хцХло.1.а;хцХло101а
2021.н.83.о.хцХло.2.а;хцХло102а
2021.н.83.о.хцХло.3.а;хцХло103а
2021.н.83.о.хцХло.4.а;хцХло104а
2021.н.83.о.хцХло.5.а;хцХло105а
2021.н.83.о.хцХло.6.а;хцХло106а
2021.н.83.о.хо.1.а;хо101а
2021.н.83.о.хо.2.а;хо102а
2021.н.83.о.хо.3.а;хо103а
2021.н.83.о.хоХо.1.а;хоХо101а
2021.н.83.о.хоХо.2.а;хоХо102а
2021.н.83.о.хоХо.3.а;хоХо103а
2021.н.83.о.хоХо.4.а;хоХо104а
2021.н.83.о.хоХо.5.а;хоХо105а
2021.н.83.о.хч.1.а;хч111а
2021.н.83.о.хч.2.а;хч112а
2021.н.83.о.хч.3.а;хч113а
2021.н.83.о.хч.4.а;хч114а
2021.н.83.о.хч.5.а;хч115а
2021.н.83.о.хч.6.а;хч116а
2021.н.83.о.хч.7.а;хч117а
2021.н.83.о.хч.8.а;хч118а
2021.н.83.яно.хяно.1.а;хяно101а_ЯОН
2021.н.84.о.хцХло.1.л;хцХло601л
2021.н.84.о.хцХло.2.л;хцХло602л
2021.н.84.о.хцХло.3.л;хцХло603л
2021.н.84.о.хцХло.4.л;хцХло604л
2021.н.84.о.хцХло.5.л;хцХло605л
2021.н.84.о.хо.1.л;хо601л
2021.н.84.о.хо.2.л;хо602л
2021.н.84.о.хо.3.л;хо603л
2021.н.84.о.хоХо.1.л;хоХо601л
2021.н.84.о.хоХо.2.л;хоХо602л
2021.н.84.о.хоХо.3.л;хоХо603л
2021.н.84.о.хоХо.4.л;хоХо604л
2021.н.84.о.хоХо.5.л;хоХо605л
2021.н.84.о.хч.1.л;хч602/1л
2021.н.84.о.хч.2.л;хч602л
2021.н.84.о.хч.3.л;хч603л
2021.н.84.о.хч.4.л;хч604л
2021.н.84.о.хч.5.л;хч605л
2021.н.85.о.хяно.1.яно;хяно11яон
2021.н.85.о.хяно.2.яно;хяно12яон
2021.н.85.о.хяно.3.яно;хяно13яон
2021.н.85.о.хяно.4.яно;хяно14яон
2021.н.85.о.хяно.5.яно;хяно15яон
2021.н.86.о.хч.1.я;хч111я
2021.н.86.о.хч.2.я;хч112я
2021.н.86.о.хч.3.я;хч113я
2021.н.86.о.хч.4.я;хч114я
2021.н.87.о.нюХд.1.ю;юХд101_01
2021.н.87.о.нюХд.10.ю;юХд110_15
2021.н.87.о.нюХд.2.ю;юХд102_03
2021.н.87.о.нюХд.3.ю;юХд103_03
2021.н.87.о.нюХд.4.ю;юХд104_05
2021.н.87.о.нюХд.5.ю;юХд105_08
2021.н.87.о.нюХд.6.ю;юХд106_09
2021.н.87.о.нюХд.7.ю;юХд107_10
2021.н.87.о.нюХд.8.ю;юХд108_12
2021.н.87.о.нюХд.9.ю;юХд109_14
юАХР.юХд;юАХР.юХд
юАХР.бт;юАХРСПХЕМР
юАХР.хцХло;юАХРСПХЕМР
юАХР.хдн;юАХРСПХЕМР
юАХР.хгХсн;юАХРСПХЕМР
юАХР.хо;юАХРСПХЕМР
юАХР.хоХо;юАХРСПХЕМР
юАХР.хяно;юАХР.хяно
юАХР.хч;юАХРСПХЕМР
юАХР.тдн;юАХРСПХЕМР
юАХР.тоХойяй;юАХР.тоХойяй
юАХР.тяон;юАХРСПХЕМР
юЙЮДЕЛ.бт;юЙЮДЕЛн
юЙЮДЕЛ.хгХсн;юЙЮДЕЛХВЕЯЙХИнРОСЯЙ
юЙЮДЕЛ.хоХо;юЙЮДЕЛХВЕЯЙХИ НРОСЯЙ
юЙЮДЕЛ.тяон;юЙЮДЕЛ_НРОСЯЙ
юПУХБ.юХд;юпухб
юПУХБ.бт;юПУХБ.бт
юПУХБ.гтбн;юПУХБ.гтбн
юПУХБ.гтян;юПУХБ.гтян
юПУХБ.хцХло;юПУХБ.хцХло
юПУХБ.хгХсн;юПУХБ.хгХсн
юПУХБ.хо;юПУХБ.хо
юПУХБ.хоХо;юПУХБ.хоХо
юПУХБ.хч;юПУХБ.хч
юПУХБ.пгт;юПУХБ.пгт
юПУХБ.сТЮ;юпухб
юПУХБ.тдн;юпухб
юПУХБ.тло;юПУХБ.тло
юПУХБ.тоао;юПУХБ.тоао
юПУХБ.тоХо;юПУХБ.тоХо
юПУХБ.тяон;юПУХБ.тяон
бНЯЯР.юХд.2016_2017;бШОСЯЙ_юХд_2016_2017
бНЯЯР.юХд.2017_2018;бШОСЯЙ_юХд_2017_2018
бНЯЯР.бт.2016_2017;бШОСЯЙ_бт_2016_2017
бНЯЯР.бт.2017_2018;бШОСЯЙ_бт_2017_2018
бНЯЯР.хцХло.2016_2017;бШОСЯЙ_хцХло_2016_2017
бНЯЯР.хцХло.2017_2018;бШОСЯЙ_хцХло_2017_2018
бНЯЯР.хцХло.2018_2019;бШОСЯЙ.2018_2019
бНЯЯР.хцХло.2019_2020;бШОСЯЙ.2019_2020
бНЯЯР.хцХло.2021_2022;хцХло_бШОСЯЙ_ГТ_21
бНЯЯР.хдн.2020_2021;бШОСЯЙ.2020_2021
бНЯЯР.хгХсн.2016_2017;бШОСЯЙ_хгХсн_2016_2017
бНЯЯР.хгХсн.2017_2018;бШОСЯЙ_хгХсн_2017_2018
бНЯЯР.хо.2016_2017;бШОСЯЙ_хо_2016_2017
бНЯЯР.хо.2017_2018;бШОСЯЙ_хо_2017_2018
бНЯЯР.хо.2018_2019;бШОСЯЙ.2018_2019
бНЯЯР.хо.2019_2020;бШОСЯЙ.2019_2020
бНЯЯР.хо.2020_2021;бШОСЯЙ.2020_2021
бНЯЯР.хо.2020_2021_л_ГТ;хо_лБШОСЯЙ_ГТ
бНЯЯР.хо.2021_2022;бШОСЯЙ.2021_2022
бНЯЯР.хоХо.2016_2017;бШОСЯЙ_хоХо_2016_2017
бНЯЯР.хоХо.2017_2018;бШОСЯЙ_хоХо_2017_2018
бНЯЯР.хоХо.2018_2019;бШОСЯЙ.2018_2019
бНЯЯР.хоХо.2019_2020;бШОСЯЙ.2019_2020
бНЯЯР.хяно.2018_2019;бШОСЯЙ.2018_2019
бНЯЯР.хяно.2019_2020;бШОСЯЙ.2019_2020
бНЯЯР.хяно.2020_2021;бШОСЯЙ.2020_2021
бНЯЯР.хяно.2021_2022;бШОСЯЙ.2021_2022
бНЯЯР.хч.2016_2017;бШОСЯЙ_хч_2016_2017
бНЯЯР.хч.2017_2018;бШОСЯЙ_хч_2017_2018
бНЯЯР.хч.2018_2019;бШОСЯЙ.2018_2019
бНЯЯР.хч.2019_2020;бШОСЯЙ.2019_2020
бНЯЯР.тдн.2016_2017;бШОСЯЙ_тдн_2016_2017
бНЯЯР.тдн.2017_2018;бШОСЯЙ_тдн_2017_2018
бНЯЯР.тоХойяй.2021_2022;бШОСЯЙ
бНЯЯР.тяон.2016_2017;бШОСЯЙ_тяон_2016_2017
бНЯЯР.тяон.2017_2018;бШОСЯЙ_тяон_2017_2018
яОП.бт;яопюбйх
яОП.хцХло;яопюбйх
яОП.хгХсн;яопюбйх
яОП.хо;яопюбйх
яОП.хоХо;яопюбйх
яОП.хч;яопюбйх
яОП.сТЮ;яопюбйх
яОП.тдн;яопюбйх
яОП.тло;яопюбйх
яОП.тяон;яопюбйх
вЕКЪАХМЯЙ;вЕКЪАХМЯЙ
